a, b, c, d, e, f
31, 11, 21, 31, 41, 0
32, 12, 22, 32, 42, 0
33, 13, 23, 33, 43, 0
34, 14, 24, 34, 44, 0
35, 15, 25, 35, 45, 0
36, 16, 26, 36, 46, 0
37, 17, 27, 37, 47, 0
38, 18, 28, 38, 48, 0
39, 19, 29, 39, 49, 0
40, 20, 30, 40, 50, 0